{
  "benign": {
    "layer_0": {
      "mean": 0.0984157919883728,
      "std": 1.4901161193847656e-08,
      "min": 0.098415806889534,
      "max": 0.098415806889534
    },
    "layer_1": {
      "mean": 0.015889259055256844,
      "std": 0.03033737652003765,
      "min": 7.44972624033835e-07,
      "max": 0.419312983751297
    },
    "layer_2": {
      "mean": 0.012729690410196781,
      "std": 0.03206659108400345,
      "min": 8.894371461565242e-08,
      "max": 0.34817224740982056
    },
    "layer_3": {
      "mean": 0.019429024308919907,
      "std": 0.05381225049495697,
      "min": 2.4389390063106475e-08,
      "max": 0.5785500407218933
    },
    "layer_4": {
      "mean": 0.006243391893804073,
      "std": 0.022711165249347687,
      "min": 1.7146779829335657e-10,
      "max": 0.31293338537216187
    },
    "layer_5": {
      "mean": 0.012230833992362022,
      "std": 0.0393228754401207,
      "min": 1.4910625512065678e-10,
      "max": 0.4361869692802429
    },
    "layer_6": {
      "mean": 0.004618262872099876,
      "std": 0.030407555401325226,
      "min": 3.26299148020303e-14,
      "max": 0.5808941721916199
    },
    "layer_7": {
      "mean": 0.005896532908082008,
      "std": 0.036219723522663116,
      "min": 4.127826552791092e-12,
      "max": 0.6945812702178955
    },
    "layer_8": {
      "mean": 0.006226071622222662,
      "std": 0.04117070883512497,
      "min": 1.1793403927040647e-11,
      "max": 0.6914728283882141
    },
    "layer_9": {
      "mean": 0.00526836421340704,
      "std": 0.0405997596681118,
      "min": 3.8421482250090844e-14,
      "max": 0.7548973560333252
    },
    "layer_10": {
      "mean": 0.0018986728973686695,
      "std": 0.02307870239019394,
      "min": 3.184017735039382e-19,
      "max": 0.5823863744735718
    },
    "layer_11": {
      "mean": 0.002129941014572978,
      "std": 0.02497882768511772,
      "min": 1.555490642593307e-16,
      "max": 0.5902484059333801
    },
    "layer_12": {
      "mean": 0.001762495026923716,
      "std": 0.024550369009375572,
      "min": 2.554441523537323e-19,
      "max": 0.6818665862083435
    },
    "layer_13": {
      "mean": 0.0007802800973877311,
      "std": 0.009448973461985588,
      "min": 1.8693624235111446e-18,
      "max": 0.24595502018928528
    },
    "layer_14": {
      "mean": 0.0025025401264429092,
      "std": 0.025354793295264244,
      "min": 9.964325337877191e-15,
      "max": 0.6245206594467163
    },
    "layer_15": {
      "mean": 0.002318311482667923,
      "std": 0.02169809490442276,
      "min": 2.0105247219674716e-13,
      "max": 0.509499192237854
    },
    "layer_16": {
      "mean": 0.0021176226437091827,
      "std": 0.02192327193915844,
      "min": 5.12334495591664e-16,
      "max": 0.5107271075248718
    },
    "layer_17": {
      "mean": 0.003258791984990239,
      "std": 0.02881721779704094,
      "min": 3.604142808852351e-14,
      "max": 0.4859637916088104
    },
    "layer_18": {
      "mean": 0.003076213179156184,
      "std": 0.03093072958290577,
      "min": 7.194354276238797e-16,
      "max": 0.5974237322807312
    },
    "layer_19": {
      "mean": 0.0031396609265357256,
      "std": 0.02967975102365017,
      "min": 9.675735111463453e-18,
      "max": 0.6237349510192871
    },
    "layer_20": {
      "mean": 0.0042100707069039345,
      "std": 0.03629131242632866,
      "min": 4.597157066900606e-19,
      "max": 0.5891068577766418
    },
    "layer_21": {
      "mean": 0.0033260814379900694,
      "std": 0.030456164851784706,
      "min": 2.7956353443401153e-18,
      "max": 0.6041927933692932
    },
    "layer_22": {
      "mean": 0.0026803233195096254,
      "std": 0.026232633739709854,
      "min": 4.900413576979005e-18,
      "max": 0.44907549023628235
    },
    "layer_23": {
      "mean": 0.0019975893665105104,
      "std": 0.019944094121456146,
      "min": 9.495537123741226e-19,
      "max": 0.3698884844779968
    },
    "layer_24": {
      "mean": 0.002221988746896386,
      "std": 0.021583370864391327,
      "min": 4.600211948300341e-18,
      "max": 0.35596051812171936
    },
    "layer_25": {
      "mean": 0.002697422169148922,
      "std": 0.023917794227600098,
      "min": 2.757854076656909e-17,
      "max": 0.42523622512817383
    },
    "layer_26": {
      "mean": 0.0014890932943671942,
      "std": 0.018357185646891594,
      "min": 1.5229677207050697e-17,
      "max": 0.41150224208831787
    },
    "layer_27": {
      "mean": 0.0011770321289077401,
      "std": 0.011090130545198917,
      "min": 1.43149348944475e-16,
      "max": 0.24966523051261902
    },
    "layer_28": {
      "mean": 0.006489064544439316,
      "std": 0.047589924186468124,
      "min": 3.6183162494572194e-19,
      "max": 0.6612191796302795
    },
    "concatenated": {
      "mean": 0.0010422146879136562,
      "std": 0.01660432107746601,
      "min": 6.686583137563241e-18,
      "max": 0.49240338802337646
    }
  },
  "harmful": {
    "layer_0": {
      "mean": 0.0984157994389534,
      "std": 7.450580596923828e-09,
      "min": 0.098415806889534,
      "max": 0.098415806889534
    },
    "layer_1": {
      "mean": 0.1715000420808792,
      "std": 0.19940707087516785,
      "min": 0.0008064685971476138,
      "max": 0.8282468914985657
    },
    "layer_2": {
      "mean": 0.21010643243789673,
      "std": 0.2317379117012024,
      "min": 0.000683532387483865,
      "max": 0.9646009802818298
    },
    "layer_3": {
      "mean": 0.26574745774269104,
      "std": 0.269936203956604,
      "min": 0.00021908812050241977,
      "max": 0.9824288487434387
    },
    "layer_4": {
      "mean": 0.2086813598871231,
      "std": 0.25173187255859375,
      "min": 4.173501656623557e-05,
      "max": 0.9544798135757446
    },
    "layer_5": {
      "mean": 0.2708621025085449,
      "std": 0.27826613187789917,
      "min": 0.00022729852935299277,
      "max": 0.926166832447052
    },
    "layer_6": {
      "mean": 0.21457336843013763,
      "std": 0.27285245060920715,
      "min": 7.5894272413279396e-06,
      "max": 0.8962422609329224
    },
    "layer_7": {
      "mean": 0.23769691586494446,
      "std": 0.2768285870552063,
      "min": 3.0393820793506166e-07,
      "max": 0.9077805876731873
    },
    "layer_8": {
      "mean": 0.24939988553524017,
      "std": 0.29509851336479187,
      "min": 1.4181699725668295e-07,
      "max": 0.8769431114196777
    },
    "layer_9": {
      "mean": 0.26858845353126526,
      "std": 0.29683414101600647,
      "min": 8.482865104797455e-11,
      "max": 0.8757263422012329
    },
    "layer_10": {
      "mean": 0.2503134608268738,
      "std": 0.30003273487091064,
      "min": 1.4889383948002433e-08,
      "max": 0.8548699617385864
    },
    "layer_11": {
      "mean": 0.22981977462768555,
      "std": 0.2997815012931824,
      "min": 1.898104073916329e-08,
      "max": 0.8579067587852478
    },
    "layer_12": {
      "mean": 0.23723646998405457,
      "std": 0.3091540038585663,
      "min": 3.465665585118834e-15,
      "max": 0.8536050319671631
    },
    "layer_13": {
      "mean": 0.227474644780159,
      "std": 0.2918976843357086,
      "min": 1.3346578616596494e-12,
      "max": 0.8316372632980347
    },
    "layer_14": {
      "mean": 0.257347047328949,
      "std": 0.3112168610095978,
      "min": 1.1886592821142017e-09,
      "max": 0.8862747550010681
    },
    "layer_15": {
      "mean": 0.2527143657207489,
      "std": 0.30557146668434143,
      "min": 3.4102654034029456e-10,
      "max": 0.8758364915847778
    },
    "layer_16": {
      "mean": 0.23874162137508392,
      "std": 0.323583722114563,
      "min": 1.1288046192214907e-10,
      "max": 0.9066978693008423
    },
    "layer_17": {
      "mean": 0.2680951654911041,
      "std": 0.3119249641895294,
      "min": 9.809610901356791e-09,
      "max": 0.8585153818130493
    },
    "layer_18": {
      "mean": 0.23918980360031128,
      "std": 0.3049441874027252,
      "min": 6.8624901317093645e-09,