{
  "benign": {
    "layer_0": {
      "mean": 0.09441356160354264,
      "std": 1.3877787807814457e-17,
      "min": 0.09441356160354265,
      "max": 0.09441356160354265
    },
    "layer_1": {
      "mean": 0.05103806580696264,
      "std": 0.05339648907904387,
      "min": 0.0,
      "max": 0.3227252936129802
    },
    "layer_2": {
      "mean": 0.03798299907410956,
      "std": 0.050730322984487,
      "min": 0.0,
      "max": 0.3114842814558472
    },
    "layer_3": {
      "mean": 0.03415088560797989,
      "std": 0.04910131625793002,
      "min": 0.0,
      "max": 0.2843360923454129
    },
    "layer_4": {
      "mean": 0.03200388331565287,
      "std": 0.047698206909709155,
      "min": 0.0,
      "max": 0.3094897778759291
    },
    "layer_5": {
      "mean": 0.03279728618323987,
      "std": 0.04951523194399989,
      "min": 0.0,
      "max": 0.3248282307021122
    },
    "layer_6": {
      "mean": 0.03741831543112054,
      "std": 0.05367964757292529,
      "min": 0.0,
      "max": 0.42748148616740056
    },
    "layer_7": {
      "mean": 0.035948136573177226,
      "std": 0.052961409646972116,
      "min": 0.0,
      "max": 0.4140288546009198
    },
    "layer_8": {
      "mean": 0.03401860038711167,
      "std": 0.05529190406809082,
      "min": 0.0,
      "max": 0.4877906424192302
    },
    "layer_9": {
      "mean": 0.034174347764249775,
      "std": 0.05429957134262821,
      "min": 0.0,
      "max": 0.42059755074698024
    },
    "layer_10": {
      "mean": 0.032643728972094464,
      "std": 0.05468600747852335,
      "min": 0.0,
      "max": 0.4000872930629109
    },
    "layer_11": {
      "mean": 0.03535043474362841,
      "std": 0.05838422758271068,
      "min": 0.0,
      "max": 0.4999173409170805
    },
    "layer_12": {
      "mean": 0.03654849791813125,
      "std": 0.061755885360736666,
      "min": 0.0,
      "max": 0.5297292185732125
    },
    "layer_13": {
      "mean": 0.03840427899963693,
      "std": 0.06692871242396675,
      "min": 0.0,
      "max": 0.5551958972017007
    },
    "layer_14": {
      "mean": 0.0401864052789108,
      "std": 0.06677445957370473,
      "min": 0.0,
      "max": 0.5735661861499985
    },
    "layer_15": {
      "mean": 0.047168859474988244,
      "std": 0.07983445195809342,
      "min": 0.0,
      "max": 0.6639402228521634
    },
    "layer_16": {
      "mean": 0.0504314610113589,
      "std": 0.0841004021142094,
      "min": 0.0,
      "max": 0.8765784434235434
    },
    "layer_17": {
      "mean": 0.05106588664868115,
      "std": 0.08540834811706717,
      "min": 0.0,
      "max": 0.9384999735138888
    },
    "layer_18": {
      "mean": 0.05344885140251973,
      "std": 0.08893808351752334,
      "min": 0.0,
      "max": 0.9290966065374582
    },
    "layer_19": {
      "mean": 0.052010096196412836,
      "std": 0.08748218338690424,
      "min": 0.0,
      "max": 1.0
    },
    "layer_20": {
      "mean": 0.05040079277633736,
      "std": 0.08428251738391715,
      "min": 0.0,
      "max": 0.8090388937484637
    },
    "layer_21": {
      "mean": 0.04991947744014987,
      "std": 0.0870135229233055,
      "min": 0.0,
      "max": 1.0
    },
    "layer_22": {
      "mean": 0.05508975682287456,
      "std": 0.09527759827668963,
      "min": 0.0,
      "max": 1.0
    },
    "layer_23": {
      "mean": 0.05389244049811777,
      "std": 0.0917615865438428,
      "min": 0.0,
      "max": 0.7439585834703522
    },
    "layer_24": {
      "mean": 0.05298508423679251,
      "std": 0.08547324982758696,
      "min": 0.0,
      "max": 0.6556866906682522
    },
    "layer_25": {
      "mean": 0.05318378341430042,
      "std": 0.08808508193001498,
      "min": 0.0,
      "max": 0.7717829244961689
    },
    "layer_26": {
      "mean": 0.05446543013163316,
      "std": 0.08548501570702416,
      "min": 0.0,
      "max": 0.6114070034414522
    },
    "layer_27": {
      "mean": 0.05785432515079958,
      "std": 0.09131353946227376,
      "min": 0.0,
      "max": 0.619358275869599
    },
    "layer_28": {
      "mean": 0.05514980809998598,
      "std": 0.08748811347671155,
      "min": 0.0,
      "max": 0.5324717226102518
    },
    "concatenated": {
      "mean": 0.11021439261014951,
      "std": 0.1713590593185551,
      "min": 0.0,
      "max": 1.0
    }
  },
  "harmful": {
    "layer_0": {
      "mean": 0.09441356160354265,
      "std": 0.0,
      "min": 0.09441356160354265,
      "max": 0.09441356160354265
    },
    "layer_1": {
      "mean": 0.16686699125506196,
      "std": 0.10757610678421427,
      "min": 0.006887286270886674,
      "max": 0.5072948328569752
    },
    "layer_2": {
      "mean": 0.19332403421774436,
      "std": 0.1592839451617077,
      "min": 0.0,
      "max": 0.6461087766016055
    },
    "layer_3": {
      "mean": 0.2059090490872686,
      "std": 0.17468671041694975,
      "min": 0.0,
      "max": 0.7174640390344305
    },
    "layer_4": {
      "mean": 0.22307014586603238,
      "std": 0.20059884295104838,
      "min": 0.0,
      "max": 0.7084648640232709
    },
    "layer_5": {
      "mean": 0.23301137604642672,
      "std": 0.2174047895407052,
      "min": 0.0,
      "max": 0.7759789301133104
    },
    "layer_6": {
      "mean": 0.24055294890537984,
      "std": 0.22087653814519523,
      "min": 0.0,
      "max": 0.833809737605703
    },
    "layer_7": {
      "mean": 0.2385641544219703,
      "std": 0.22658576667591027,
      "min": 0.0,
      "max": 0.8062317566773574
    },
    "layer_8": {
      "mean": 0.2418180442329504,
      "std": 0.24005310265641785,
      "min": 0.0,
      "max": 0.8558399935168939
    },
    "layer_9": {
      "mean": 0.24217629638814747,
      "std": 0.24571251544878983,
      "min": 0.0,
      "max": 0.93068138722626
    },
    "layer_10": {
      "mean": 0.24140689192639772,
      "std": 0.24878384244409862,
      "min": 0.0,
      "max": 0.9799537432270741
    },
    "layer_11": {
      "mean": 0.24387009841834278,
      "std": 0.25648446424101523,
      "min": 0.0,
      "max": 0.953827376643696
    },
    "layer_12": {
      "mean": 0.24990331695499549,
      "std": 0.26251871588734105,
      "min": 0.0,
      "max": 0.9631651817512072
    },
    "layer_13": {
      "mean": 0.25151782072242246,
      "std": 0.26687797168135186,
      "min": 0.0,
      "max": 1.0
    },
    "layer_14": {
      "mean": 0.24986343118918486,
      "std": 0.2682202639295831,
      "min": 0.0,
      "max": 0.9690356068137527
    },
    "layer_15": {
      "mean": 0.24535296485662425,
      "std": 0.26792466022296224,
      "min": 0.0,
      "max": 0.9799100168523869
    },
    "layer_16": {
      "mean": 0.2457880231379608,
      "std": 0.27158845564188966,
      "min": 0.0,
      "max": 1.0
    },
    "layer_17": {
      "mean": 0.24547250741711707,
      "std": 0.2651869170982984,
      "min": 0.0,
      "max": 1.0
    },
    "layer_18": {
      "mean": 0.2506419986619711,
      "std": 0.2707828761627039,
      "min": 0.0,
      "max": 1.0
    },
    "layer_19": {
      "mean": 0.24890164485421373,
      "std": 0.27358737400180877,
      "min": 0.0,
      "max": 1.0
    },
    "layer_20": {
      "mean": 0.2511518366904128,
      "std": 0.2798456940610678,
      "min": 0.0,
      "max": 1.0
    },
    "layer_21": {
      "mean": 0.24932839773377535,
      "std": 0.2838570694554263,
      "min": 0.0,
      "max": 1.0
    },
    "layer_22": {
      "mean": 0.24444059121119008,
      "std": 0.27829857880214254,
      "min": 0.0,
      "max": 1.0
    },
    "layer_23": {
      "mean": 0.24727737534164682,
      "std": 0.27142660648896716,
      "min": 0.0,
      "max": 1.0
    },
    "layer_24": {
      "mean": 0.2514493575938045,
      "std": 0.2756348793783886,
      "min": 0.0,
      "max": 1.0
    },
    "layer_25": {
      "mean": 0.24847714966294548,
      "std": 0.2736759005236775,
      "min": 0.0,
      "max": 1.0
    },
    "layer_26": {
      "mean": 0.24800751987599196,
      "std": 0.2704651859957836,
      "min": 0.0,